epoch,train_loss,val_loss,val_accuracy,learning_rate
1,3.7418939854529936,3.186746639689063,12.229299363057326,0.1
2,2.305458410247753,2.2777142547194367,14.089171974522293,0.1
3,2.243742341413104,2.1866662401454464,21.605095541401273,0.1
4,2.162279929741092,2.091622779840117,23.261146496815286,0.1
5,2.1303328368464625,2.069898822565747,24.78980891719745,0.1
6,2.093214966324494,2.0348949159026906,28.636942675159236,0.1
7,2.0644842259218406,1.9741165141391146,29.987261146496817,0.1
8,2.027853793233762,1.9561553694791856,32.254777070063696,0.1
9,1.9918464225327306,1.8660848703809605,36.07643312101911,0.1
10,1.9520596835464443,1.7984788214325145,38.089171974522294,0.1
11,1.8971960752563526,1.7340464606254724,39.54140127388535,0.1
12,1.8439509996404515,1.6483491127050607,44.789808917197455,0.1
13,1.7988042419620722,1.5924578590150091,47.261146496815286,0.1
14,1.7295404525200484,1.5176302602184806,49.63057324840764,0.1
15,1.6930148766831166,1.5339385840543516,47.49044585987261,0.1
16,1.61778389401667,1.3943398797284265,53.98726114649681,0.1
17,1.57779136063091,1.3352338032813589,56.17834394904459,0.1
18,1.5423485257958192,1.364193796686306,53.42675159235669,0.1
19,1.4842136073784764,1.3223714768962496,56.71337579617835,0.1
20,1.4442144126118595,1.2379931985952293,59.28662420382165,0.1
21,1.4098191713629635,1.1535428066314406,61.88535031847134,0.1
22,1.3732631780590348,1.1983547789276026,59.64331210191083,0.1
23,1.3412142434433907,1.0902020350535204,63.82165605095541,0.1
24,1.2736512819883978,1.0815846454413833,64.05095541401273,0.1
25,1.2428249640655638,1.0288580743977978,67.03184713375796,0.1
26,1.2063842377852507,1.0778893721331457,64.73885350318471,0.1
27,1.1844511175875756,1.0689434056980596,66.21656050955414,0.1
28,1.143922232828695,0.9477957338588253,69.57961783439491,0.1
29,1.097379989905523,0.8998127372097817,71.59235668789809,0.1
30,1.0527285043484986,0.8464105770086786,72.0,0.1
31,1.041643508221635,1.152496618525997,61.98726114649681,0.1
32,1.0068240885385076,0.8128059538458563,73.57961783439491,0.1
33,0.977771727761065,0.7695937860239843,75.10828025477707,0.1
34,0.9649049014888553,0.8129427771051978,73.47770700636943,0.1
35,0.9350021559694323,0.7633691234345649,76.0,0.1
36,0.907735614731793,0.8593086820195435,71.6687898089172,0.1
37,0.9083810768732741,0.7497946263878209,75.36305732484077,0.1
38,0.8627906606672986,0.7379474869958914,76.07643312101911,0.1
39,0.8574948194777529,0.7119554477892104,77.12101910828025,0.1
40,0.8343742621437223,0.6689724126591045,78.54777070063695,0.1
41,0.8173005125920187,0.663739995060453,77.93630573248407,0.1
42,0.8239363764102589,0.727816154759401,76.40764331210191,0.1
43,0.794937306220157,0.8454741697098799,72.10191082802548,0.1
44,0.7759196037525536,0.6065545795373856,80.02547770700637,0.1
45,0.7584472620722635,0.6243164022257374,80.28025477707007,0.1
46,0.7465524925502254,0.6377591587783424,79.54140127388536,0.1
47,0.7269141511386344,0.6578871012645162,79.31210191082802,0.1
48,0.7258850763926524,0.7183847342023424,77.29936305732484,0.1
49,0.7325523398546699,0.7209681908795788,77.73248407643312,0.1
50,0.7125054090500683,0.6163320109039355,79.71974522292993,0.1
51,0.6895449504339654,0.7576305469585832,76.68789808917198,0.1
52,0.6984935194452205,0.6413104035140602,79.79617834394904,0.1
53,0.6616621093118514,0.6587654419006056,78.77707006369427,0.1
54,0.6813766755402082,0.8216860830252337,74.29299363057325,0.1
55,0.6548497383326862,0.6354202868224709,79.28662420382166,0.1
56,0.5803675297818852,0.48350700583427575,84.2547770700637,0.010000000000000002
57,0.5474639166898342,0.4728584648773169,84.35668789808918,0.010000000000000002
58,0.5381039109536216,0.48470103966202704,84.22929936305732,0.010000000000000002
59,0.5234872532288695,0.4670001065958837,84.86624203821655,0.010000000000000002
60,0.5193305562952275,0.47204746398196856,84.61146496815287,0.010000000000000002
61,0.5164897411208758,0.4623119620456817,85.04458598726114,0.010000000000000002
62,0.5142270471770479,0.45490183450613814,85.19745222929936,0.010000000000000002
63,0.49823937256253875,0.45035731535049,85.27388535031847,0.010000000000000002
64,0.49134815502461343,0.4513141541040627,85.73248407643312,0.010000000000000002
65,0.4788999553340606,0.4529623624245832,85.04458598726114,0.010000000000000002
66,0.4855061376758281,0.45918638693299263,85.57961783439491,0.010000000000000002
67,0.48518625837166013,0.44517950852965094,85.27388535031847,0.010000000000000002
68,0.47706258344176905,0.45512226466919964,85.40127388535032,0.010000000000000002
69,0.4820148988728891,0.4381710758254786,85.75796178343948,0.010000000000000002
70,0.47989807806595136,0.4421710935216041,85.57961783439491,0.010000000000000002
71,0.47145574645414967,0.43895981200181755,86.19108280254777,0.010000000000000002
72,0.4645184694505793,0.43470985275924584,85.96178343949045,0.010000000000000002
73,0.4492345302683308,0.44422232862490757,85.68152866242038,0.010000000000000002
74,0.4689353765951868,0.4520656067626492,85.40127388535032,0.010000000000000002
75,0.4524626966917171,0.43500564110506873,86.14012738853503,0.010000000000000002
76,0.44817298293831304,0.44346009009203335,85.78343949044586,0.010000000000000002
77,0.45568278150833424,0.42731731074630835,86.87898089171975,0.010000000000000002
78,0.442845163721509,0.4418751634761786,86.11464968152866,0.010000000000000002
79,0.4452664677652868,0.4400461358097708,86.11464968152866,0.010000000000000002
80,0.43941909159447223,0.4407584598565557,86.36942675159236,0.010000000000000002
81,0.45227270570308936,0.4461606527513759,85.73248407643312,0.010000000000000002
82,0.43911333810327574,0.44213331105602777,85.78343949044586,0.010000000000000002
83,0.4377978153692806,0.43802391276997366,85.70700636942675,0.010000000000000002
84,0.4305897763700996,0.4516051934403219,85.37579617834395,0.010000000000000002
85,0.42726791667288616,0.4271259927142198,86.72611464968153,0.010000000000000002
86,0.44383652387242944,0.43886348249046664,86.24203821656052,0.010000000000000002
87,0.4207644682491275,0.42103430897566924,86.59872611464968,0.010000000000000002
88,0.4309306080791537,0.4479606256211639,86.14012738853503,0.010000000000000002
89,0.4322007235490932,0.4319748644160617,86.1656050955414,0.010000000000000002
90,0.42079572979947405,0.45472216244715796,86.1656050955414,0.010000000000000002
